date,Bank description,Spent,Received,From/To,Transaction Posted
"02/09/2026","Adp Wage Pay","$13,167.34","","ADP WAGE PAY","Added to:  Expense: Payroll Expenses:Salaries and Wages 02/09/2026 $13,167.34"
"02/09/2026","Adp Wage Garn","$88.06","","ADP Wage Garnishment","Added to:  Expense: Payroll Expenses:Salaries and Wages 02/09/2026 $88.06"
"02/09/2026","Toast Des Dep","","$3,155.90","Toast, Inc","Added to:  Deposit: Restaurant Sales 02/09/2026 $3,155.90"
"02/09/2026","Adp Tax","$5,402.91","","ADP Tax","Added to:  Expense: Payroll Expenses:Payroll Tax Expense 02/09/2026 $5,402.91"
"02/09/2026","Toast Des Dep","","$3,701.48","Toast, Inc","Added to:  Deposit: Restaurant Sales 02/09/2026 $3,701.48"
"02/09/2026","Toast Des Dep","","$2,296.60","Toast, Inc","Added to:  Deposit: Restaurant Sales 02/09/2026 $2,296.60"
"02/06/2026","Maximum","$1,333.61","","Maximum Quality Foods","Added to:  Expense: Cost of Goods Sold 02/06/2026 $1,333.61"
"02/06/2026","Doordash Des Murray","","$3,927.03","Doordash","Added to:  Deposit: Delivery Sales:Doordash 02/06/2026 $3,927.03"
"02/06/2026","Toast","$15.19","","Toast, Inc","Added to:  Expense: Software Expense 02/06/2026 $15.19"
"02/06/2026","Grubhub Des Feb","","$1,924.18","Grubhub inc","Added to:  Deposit: Delivery Sales:Grubhub 02/06/2026 $1,924.18"
"02/06/2026","Toast Des Dep","","$2,454.41","Toast, Inc","Added to:  Deposit: Restaurant Sales 02/06/2026 $2,454.41"
"02/06/2026","ADP Payroll","$177.28","","ADP Payroll Fees","Added to:  Expense: Payroll Expenses:Payroll Expenses Non-Wage:Payroll Fees 02/06/2026 $177.28"
"02/06/2026","Grubhub Des Jan","","$5,089.84","Grubhub inc","Added to:  Deposit: Delivery Sales:Grubhub 02/06/2026 $5,089.84"
"02/05/2026","Toast Des Dep","","$3,774.27","Toast, Inc","Added to:  Deposit: Restaurant Sales 02/05/2026 $3,774.27"
"02/04/2026","Online Scheduled Confirmation","$200.00","","Card 3183 Payment","Added to:  Credit Card Payment: CORP Account - Business Adv Customized Cash Rewards - 3183 02/04/2026 $200.00"
"02/04/2026","Check 2510","$800.00","","Cosmic Inc","Added to:  Expense: Software Expense 02/04/2026 $800.00"
"02/04/2026","ADP Payroll","$356.10","","ADP Payroll Fees","Added to:  Expense: Payroll Expenses:Payroll Expenses Non-Wage:Payroll Fees 02/04/2026 $356.10"
"02/04/2026","Toast Des Dep","","$1,973.16","Toast, Inc","Added to:  Deposit: Restaurant Sales 02/04/2026 $1,973.16"
"02/04/2026","Online Scheduled Confirmation","$11,121.00","","Card 3183 Payment","Added to:  Credit Card Payment: CORP Account - Business Adv Customized Cash Rewards - 3183 02/04/2026 $11,121.00"
"02/04/2026","Mealpal Des","","$224.33","Mealpal","Added to:  Deposit: Restaurant Sales 02/04/2026 $224.33"
"02/04/2026","Relay","$134.66","","Relay Delivery","Added to:  Expense: Direct Operating Expense:Delivery Cost 02/04/2026 $134.66"
"02/03/2026","Uber Usa Fbo","","$10,247.27","UBER USA FBO","Added to:  Deposit: Delivery Sales:Uber 02/03/2026 $10,247.27"
"02/03/2026","Maximum","$1,192.34","","Maximum Quality Foods","Added to:  Expense: Cost of Goods Sold 02/03/2026 $1,192.34"
"02/03/2026","Toast Des Dep","","$1,954.96","Toast, Inc","Added to:  Deposit: Restaurant Sales 02/03/2026 $1,954.96"
"02/02/2026","Toast Des Dep","","$3,096.90","Toast, Inc","Added to:  Deposit: Restaurant Sales 02/02/2026 $3,096.90"
"02/02/2026","Toast Des Dep","","$3,062.75","Toast, Inc","Added to:  Deposit: Restaurant Sales 02/02/2026 $3,062.75"
"02/02/2026","Bank America Des","","$109.71","Bank of America","Added to:  Deposit: Credit Card Rewards 02/02/2026 $109.71"
"02/02/2026","Toast Des Dep","","$5,032.47","Toast, Inc","Added to:  Deposit: Restaurant Sales 02/02/2026 $5,032.47"
"01/30/2026","Adp Pay By","$197.14","","ADP PAY-BY-PAY","Added to:  Expense: Payroll Expenses:Payroll Expenses Non-Wage:Workers Comp 01/30/2026 $197.14"
"01/30/2026","Grubhub Des Jan","","$4,681.52","Grubhub inc","Added to:  Deposit: Delivery Sales:Grubhub 01/30/2026 $4,681.52"
"01/30/2026","Adp Tax","$4,771.88","","ADP Tax","Added to:  Expense: Payroll Expenses:Payroll Tax Expense 01/30/2026 $4,771.88"
"01/30/2026","Benares Mur Des","","$93.18","Chownow","Added to:  Deposit: Restaurant Sales 01/30/2026 $93.18"
"01/30/2026","Toast Des Dep","","$4,703.99","Toast, Inc","Added to:  Deposit: Restaurant Sales 01/30/2026 $4,703.99"
"01/30/2026","Maximum","$1,554.50","","Maximum Quality Foods","Added to:  Expense: Cost of Goods Sold 01/30/2026 $1,554.50"
"01/30/2026","Doordash Des Murray","","$2,706.59","Doordash","Added to:  Deposit: Delivery Sales:Doordash 01/30/2026 $2,706.59"
"01/29/2026","Toast Des Dep","","$3,805.56","Toast, Inc","Added to:  Deposit: Restaurant Sales 01/29/2026 $3,805.56"
"01/29/2026","Action Environme","$1,076.02","","Action Carting Environmental","Added to:  Expense: Utilities:Trash 01/29/2026 $1,076.02"
"01/29/2026","Adp Wage Pay","$12,210.66","","ADP WAGE PAY","Added to:  Expense: Payroll Expenses:Salaries and Wages 01/29/2026 $12,210.66"
"01/29/2026","Adp Wage Garn","$77.92","","ADP Wage Garnishment","Added to:  Expense: Payroll Expenses:Salaries and Wages 01/29/2026 $77.92"
"01/28/2026","Relay","$127.00","","Relay Delivery","Added to:  Expense: Direct Operating Expense:Delivery Cost 01/28/2026 $127.00"
"01/28/2026","Toast Des Dep","","$1,464.81","Toast, Inc","Added to:  Deposit: Restaurant Sales 01/28/2026 $1,464.81"
"01/27/2026","Payoneer Des Edi","","$422.69","Payoneer","Added to:  Deposit: Restaurant Sales 01/27/2026 $422.69"
"01/27/2026","Uber Usa Fbo","","$10,252.51","UBER USA FBO","Added to:  Deposit: Delivery Sales:Uber 01/27/2026 $10,252.51"
"01/27/2026","Maximum","$1,467.87","","Maximum Quality Foods","Added to:  Expense: Cost of Goods Sold 01/27/2026 $1,467.87"
"01/27/2026","Toast Des Dep","","$1,756.37","Toast, Inc","Added to:  Deposit: Restaurant Sales 01/27/2026 $1,756.37"
"01/27/2026","Mealpal Des","","$286.32","Mealpal","Added to:  Deposit: Restaurant Sales 01/27/2026 $286.32"
"01/26/2026","Classpass Des Edi","","$65.53","Classpass","Added to:  Deposit: Restaurant Sales 01/26/2026 $65.53"
"01/26/2026","Toast Des Dep","","$3,184.12","Toast, Inc","Added to:  Deposit: Restaurant Sales 01/26/2026 $3,184.12"
"01/26/2026","Adp Pay By","$203.42","","ADP PAY-BY-PAY","Added to:  Expense: Payroll Expenses:Payroll Expenses Non-Wage:Workers Comp 01/26/2026 $203.42"
"01/26/2026","Toast Des Dep","","$4,897.52","Toast, Inc","Added to:  Deposit: Restaurant Sales 01/26/2026 $4,897.52"
"01/26/2026","Toast Des Dep","","$2,434.44","Toast, Inc","Added to:  Deposit: Restaurant Sales 01/26/2026 $2,434.44"
"01/26/2026","Toast","$344.96","","Toast, Inc","Added to:  Expense: Software Expense 01/26/2026 $344.96"
"01/23/2026","Doordash Des Murray","","$2,915.37","Doordash","Added to:  Deposit: Delivery Sales:Doordash 01/23/2026 $2,915.37"
"01/23/2026","Maximum","$1,662.20","","Maximum Quality Foods","Added to:  Expense: Cost of Goods Sold 01/23/2026 $1,662.20"
"01/23/2026","Adp Wage Garn","$73.22","","ADP Wage Garnishment","Added to:  Expense: Payroll Expenses:Salaries and Wages 01/23/2026 $73.22"
"01/23/2026","Grubhub Des Jan","","$4,210.24","Grubhub inc","Added to:  Deposit: Delivery Sales:Grubhub 01/23/2026 $4,210.24"
"01/23/2026","Adp Wage Pay","$13,070.27","","ADP WAGE PAY","Added to:  Expense: Payroll Expenses:Salaries and Wages 01/23/2026 $13,070.27"
"01/23/2026","Adp Tax","$5,038.78","","ADP Tax","Added to:  Expense: Payroll Expenses:Payroll Tax Expense 01/23/2026 $5,038.78"
"01/23/2026","Toast Des Dep","","$3,143.10","Toast, Inc","Added to:  Deposit: Restaurant Sales 01/23/2026 $3,143.10"
"01/23/2026","ADP Payroll","$188.28","","ADP Payroll Fees","Added to:  Expense: Payroll Expenses:Payroll Expenses Non-Wage:Payroll Fees 01/23/2026 $188.28"
"01/22/2026","Mealpal Des","","$262.16","Mealpal","Added to:  Deposit: Restaurant Sales 01/22/2026 $262.16"
"01/22/2026","Toast Des Dep","","$1,695.83","Toast, Inc","Added to:  Deposit: Restaurant Sales 01/22/2026 $1,695.83"
"01/21/2026","K I Wholesale","$576.37","","SKI Wholesale","Added to:  Expense: Cost of Goods Sold 01/21/2026 $576.37"
"01/21/2026","Toast Des Dep","","$3,051.59","Toast, Inc","Added to:  Deposit: Restaurant Sales 01/21/2026 $3,051.59"
"01/21/2026","Consolidated Edison","$4,858.31","","Con Edison","Added to:  Expense: Utilities:Gas & Electricity 01/21/2026 $4,858.31"
"01/21/2026","Nys Dtf Sales","$18,830.33","","NYS DTF Sales Tax","Added to:  Expense: Sales Tax 01/21/2026 $18,830.33"
"01/21/2026","Relay","$129.36","","Relay Delivery","Added to:  Expense: Direct Operating Expense:Delivery Cost 01/21/2026 $129.36"
"01/20/2026","Toast Des Dep","","$2,513.32","Toast, Inc","Added to:  Deposit: Restaurant Sales 01/20/2026 $2,513.32"
"01/20/2026","Toast Des Dep","","$4,375.59","Toast, Inc","Added to:  Deposit: Restaurant Sales 01/20/2026 $4,375.59"
"01/20/2026","Maximum","$1,028.26","","Maximum Quality Foods","Added to:  Expense: Cost of Goods Sold 01/20/2026 $1,028.26"
"01/20/2026","Toast Des Dep","","$1,629.08","Toast, Inc","Added to:  Deposit: Restaurant Sales 01/20/2026 $1,629.08"
"01/20/2026","Toast Des Dep","","$4,798.31","Toast, Inc","Added to:  Deposit: Restaurant Sales 01/20/2026 $4,798.31"
"01/20/2026","Check 2503","$800.00","","Cosmic Inc","Added to:  Expense: Software Expense 01/20/2026 $800.00"
"01/20/2026","Uber Usa Fbo","","$8,509.13","UBER USA FBO","Added to:  Deposit: Delivery Sales:Uber 01/20/2026 $8,509.13"
"01/16/2026","Grubhub Des Jan","","$5,262.95","Grubhub inc","Added to:  Deposit: Delivery Sales:Grubhub 01/16/2026 $5,262.95"
"01/16/2026","Peace Of Mind","$517.16","","Peace of Mind Pest Control","Added to:  Expense: Repairs and Maintenance:Pest Control 01/16/2026 $517.16"
"01/16/2026","Toast Des Dep","","$2,548.83","Toast, Inc","Added to:  Deposit: Restaurant Sales 01/16/2026 $2,548.83"
"01/16/2026","Adp Tax","$5,141.10","","ADP Tax","Added to:  Expense: Payroll Expenses:Payroll Tax Expense 01/16/2026 $5,141.10"
"01/16/2026","Check 2506","$3,890.90","","Sankaj LLC","Added to:  Expense: Cost of Goods Sold 01/16/2026 $3,890.90"
"01/16/2026","Doordash Des Murray","","$3,024.53","Doordash","Added to:  Deposit: Delivery Sales:Doordash 01/16/2026 $3,024.53"
"01/16/2026","Adp Pay By","$204.39","","ADP PAY-BY-PAY","Added to:  Expense: Payroll Expenses:Payroll Expenses Non-Wage:Workers Comp 01/16/2026 $204.39"
"01/16/2026","Sba Eidl Loan","$731.00","","SBA Loan","Added to:  Expense: SBA Loan 01/16/2026 $731.00"
"01/16/2026","Zelle Oscar Bucaro","$350.00","","Oscar Bucaro","Added to:  Expense: Payroll Expenses:Payroll Expenses Non-Wage:General Contractor 01/16/2026 $350.00"
"01/15/2026","Adp Wage Pay","$12,408.30","","ADP WAGE PAY","Added to:  Expense: Payroll Expenses:Salaries and Wages 01/15/2026 $12,408.30"
"01/15/2026","Adp Wage Garn","$84.20","","ADP Wage Garnishment","Added to:  Expense: Payroll Expenses:Salaries and Wages 01/15/2026 $84.20"
"01/15/2026","Toast Des Dep","","$2,863.53","Toast, Inc","Added to:  Deposit: Restaurant Sales 01/15/2026 $2,863.53"
"01/14/2026","Mealpal Des","","$100.88","Mealpal","Added to:  Deposit: Restaurant Sales 01/14/2026 $100.88"
"01/14/2026","Toast Des Dep","","$2,526.31","Toast, Inc","Added to:  Deposit: Restaurant Sales 01/14/2026 $2,526.31"
"01/14/2026","Check 2504","$1,283.96","","Val's Ocean Pacific","Added to:  Expense: Cost of Goods Sold 01/14/2026 $1,283.96"
"01/14/2026","Relay","$279.00","","Relay Delivery","Added to:  Expense: Direct Operating Expense:Delivery Cost 01/14/2026 $279.00"
"01/14/2026","Check 2502","$4,724.04","","Ricky's Food Service Inc","Added to:  Expense: Cost of Goods Sold 01/14/2026 $4,724.04"
"01/13/2026","Uber Usa Fbo","","$7,941.94","UBER USA FBO","Added to:  Deposit: Delivery Sales:Uber 01/13/2026 $7,941.94"
"01/13/2026","Toast Des Dep","","$3,038.55","Toast, Inc","Added to:  Deposit: Restaurant Sales 01/13/2026 $3,038.55"
"01/13/2026","Payoneer Des Edi","","$422.69","Payoneer","Added to:  Deposit: Restaurant Sales 01/13/2026 $422.69"
"01/12/2026","Check 2454","$300.00","","Cash","Added to:  Expense: Direct Operating Expense:Office Supplies 01/12/2026 $300.00"
"01/12/2026","Toast Des Dep","","$3,071.39","Toast, Inc","Added to:  Deposit: Restaurant Sales 01/12/2026 $3,071.39"
"01/12/2026","Toast Des Dep","","$4,273.88","Toast, Inc","Added to:  Deposit: Restaurant Sales 01/12/2026 $4,273.88"
"01/12/2026","Toast Des Dep","","$7,932.15","Toast, Inc","Added to:  Deposit: Restaurant Sales 01/12/2026 $7,932.15"
"01/09/2026","Check 2483","$501.00","","Guru Ji Ka Ashram NJ","Added to:  Expense: Charitable Contributions 01/09/2026 $501.00"
"01/09/2026","Doordash Des Murray","","$2,311.92","Doordash","Added to:  Deposit: Delivery Sales:Doordash 01/09/2026 $2,311.92"
"01/09/2026","Toast Des Dep","","$7,398.66","Toast, Inc","Added to:  Deposit: Restaurant Sales 01/09/2026 $7,398.66"
"01/09/2026","Maximum","$3,043.36","","Maximum Quality Foods","Added to:  Expense: Cost of Goods Sold 01/09/2026 $3,043.36"
"01/09/2026","Check 2481","$501.00","","Guru Ji Ka Ashram NJ","Added to:  Expense: Charitable Contributions 01/09/2026 $501.00"
"01/09/2026","Classpass Des Edi","","$289.52","Classpass","Added to:  Deposit: Restaurant Sales 01/09/2026 $289.52"
"01/09/2026","Adp Pay By","$200.04","","ADP PAY-BY-PAY","Added to:  Expense: Payroll Expenses:Payroll Expenses Non-Wage:Workers Comp 01/09/2026 $200.04"
"01/09/2026","Toast","$12.58","","Toast, Inc","Added to:  Expense: Software Expense 01/09/2026 $12.58"
"01/09/2026","Adp Tax","$4,846.09","","ADP Tax","Added to:  Expense: Payroll Expenses:Payroll Tax Expense 01/09/2026 $4,846.09"
"01/09/2026","ADP Payroll","$106.69","","ADP Payroll Fees","Added to:  Expense: Payroll Expenses:Payroll Expenses Non-Wage:Payroll Fees 01/09/2026 $106.69"
"01/09/2026","Grubhub Des Jan","","$4,134.44","Grubhub inc","Added to:  Deposit: Delivery Sales:Grubhub 01/09/2026 $4,134.44"
"01/08/2026","Adp Wage Garn","$46.01","","ADP Wage Garnishment","Added to:  Expense: Payroll Expenses:Salaries and Wages 01/08/2026 $46.01"
"01/08/2026","Adp Wage Pay","$12,519.06","","ADP WAGE PAY","Added to:  Expense: Payroll Expenses:Salaries and Wages 01/08/2026 $12,519.06"
"01/08/2026","Check 2500","$7,927.99","","Sankaj LLC","Added to:  Expense: Cost of Goods Sold 01/08/2026 $7,927.99"
"01/08/2026","Zelle Oscar Bucaro","$500.00","","Oscar Bucaro","Added to:  Expense: Payroll Expenses:Payroll Expenses Non-Wage:General Contractor 01/08/2026 $500.00"
"01/08/2026","Toast Des Dep","","$1,618.75","Toast, Inc","Added to:  Deposit: Restaurant Sales 01/08/2026 $1,618.75"
"01/07/2026","Toast Des Dep","","$1,473.89","Toast, Inc","Added to:  Deposit: Restaurant Sales 01/07/2026 $1,473.89"
"01/07/2026","Bridger","$350.00","","Bridger Companies, Inc. d/b/a Pillar Advisors","Matched to:  Bill Payment: Accounts Payable (A/P) 01/07/2026 $350.00"
"01/07/2026","Relay","$240.16","","Relay Delivery","Added to:  Expense: Direct Operating Expense:Delivery Cost 01/07/2026 $240.16"
"01/07/2026","Mealpal Des","","$75.66","Mealpal","Added to:  Deposit: Restaurant Sales 01/07/2026 $75.66"
"01/06/2026","Uber Usa Fbo","","$7,270.88","UBER USA FBO","Added to:  Deposit: Delivery Sales:Uber 01/06/2026 $7,270.88"
"01/06/2026","Toast Des Dep","","$1,947.25","Toast, Inc","Added to:  Deposit: Restaurant Sales 01/06/2026 $1,947.25"
"01/06/2026","Check 2498","$29,394.96","","45 Murray Management Company","Added to:  Expense: Split expense 01/06/2026 $29,394.96"
"01/06/2026","Zelle Allen Duct","$544.38","","Allen Duct","Added to:  Expense: Repairs and Maintenance:Non-Contract 01/06/2026 $544.38"
"01/05/2026","Toast Des Dep","","$4,110.67","Toast, Inc","Added to:  Deposit: Restaurant Sales 01/05/2026 $4,110.67"
"01/05/2026","Adp Pay By","$212.66","","ADP PAY-BY-PAY","Added to:  Expense: Payroll Expenses:Payroll Expenses Non-Wage:Workers Comp 01/05/2026 $212.66"
"01/05/2026","Toast Des Dep","","$2,373.53","Toast, Inc","Added to:  Deposit: Restaurant Sales 01/05/2026 $2,373.53"
"01/05/2026","Toast Des Dep","","$1,972.28","Toast, Inc","Added to:  Deposit: Restaurant Sales 01/05/2026 $1,972.28"
"01/05/2026","Doordash Des Murray","","$1,578.06","Doordash","Added to:  Deposit: Delivery Sales:Doordash 01/05/2026 $1,578.06"
"01/05/2026","Check 2499","$1,047.23","","Val's Ocean Pacific","Added to:  Expense: Cost of Goods Sold 01/05/2026 $1,047.23"
"01/02/2026","Toast Des Dep","","$3,999.56","Toast, Inc","Added to:  Deposit: Restaurant Sales 01/02/2026 $3,999.56"
"01/02/2026","Benares Mur Des","","$70.38","Chownow","Added to:  Deposit: Restaurant Sales 01/02/2026 $70.38"
"01/02/2026","Adp Wage Garn","$78.80","","ADP Wage Garnishment","Added to:  Expense: Payroll Expenses:Salaries and Wages 01/02/2026 $78.80"
"01/02/2026","Check 2496","$10,000.00","","Aankit Malhotra","Added to:  Expense: Owner's Equity:Owner's Pay & Personal Expenses 01/02/2026 $10,000.00"
"01/02/2026","Grubhub Des Dec","","$3,370.87","Grubhub inc","Added to:  Deposit: Delivery Sales:Grubhub 01/02/2026 $3,370.87"
"01/02/2026","Bank America Des","","$133.07","Bank of America","Added to:  Deposit: Credit Card Rewards 01/02/2026 $133.07"
"01/02/2026","Maximum","$3,010.47","","Maximum Quality Foods","Added to:  Expense: Cost of Goods Sold 01/02/2026 $3,010.47"
"01/02/2026","Adp Wage Pay","$13,306.10","","ADP WAGE PAY","Added to:  Expense: Payroll Expenses:Salaries and Wages 01/02/2026 $13,306.10"
"01/02/2026","Grubhub Des Dec","","$1,487.95","Grubhub inc","Added to:  Deposit: Delivery Sales:Grubhub 01/02/2026 $1,487.95"
"01/02/2026","Toast Des Dep","","$4,709.10","Toast, Inc","Added to:  Deposit: Restaurant Sales 01/02/2026 $4,709.10"
"01/02/2026","Adp Tax","$5,217.19","","ADP Tax","Added to:  Expense: Payroll Expenses:Payroll Tax Expense 01/02/2026 $5,217.19"
"12/31/2025","Check 2495","$10,000.00","","Atin Malhotra","Added to:  Expense: Owner's Equity:Owner's Pay & Personal Expenses 12/31/2025 $10,000.00"
"12/31/2025","Relay","$111.66","","Relay Delivery","Added to:  Expense: Direct Operating Expense:Delivery Cost 12/31/2025 $111.66"
"12/31/2025","Check 2497","$3,000.00","","Girish Malhotra","Added to:  Expense: Owner's Equity:Owner's Pay & Personal Expenses 12/31/2025 $3,000.00"
"12/31/2025","Vadilal Industries","$650.00","","Vadilal Industries","Added to:  Expense: Cost of Goods Sold 12/31/2025 $650.00"
"12/31/2025","Toast Des Dep","","$3,514.17","Toast, Inc","Added to:  Deposit: Restaurant Sales 12/31/2025 $3,514.17"
"12/31/2025","Mealpal Des","","$287.38","Mealpal","Added to:  Deposit: Restaurant Sales 12/31/2025 $287.38"
"12/30/2025","Uber Usa Fbo","","$4,230.28","UBER USA FBO","Added to:  Deposit: Delivery Sales:Uber 12/30/2025 $4,230.28"
"12/30/2025","Action Environme","$1,076.02","","Action Carting Environmental","Added to:  Expense: Utilities:Trash 12/30/2025 $1,076.02"
"12/30/2025","Toast Des Dep","","$3,739.94","Toast, Inc","Added to:  Deposit: Restaurant Sales 12/30/2025 $3,739.94"
"12/29/2025","Toast Des Dep","","$5,377.16","Toast, Inc","Added to:  Deposit: Restaurant Sales 12/29/2025 $5,377.16"
"12/29/2025","Maximum","$2,725.81","","Maximum Quality Foods","Added to:  Expense: Cost of Goods Sold 12/29/2025 $2,725.81"
"12/29/2025","Toast Des Dep","","$2,452.41","Toast, Inc","Added to:  Deposit: Restaurant Sales 12/29/2025 $2,452.41"
"12/29/2025","Toast Des Dep","","$3,277.33","Toast, Inc","Added to:  Deposit: Restaurant Sales 12/29/2025 $3,277.33"
"12/29/2025","Adp Pay By","$194.68","","ADP PAY-BY-PAY","Added to:  Expense: Payroll Expenses:Payroll Expenses Non-Wage:Workers Comp 12/29/2025 $194.68"
"12/26/2025","Check 2493","$800.00","","Cosmic Inc","Added to:  Expense: Software Expense 12/26/2025 $800.00"
"12/26/2025","Toast Des Dep","","$4,178.01","Toast, Inc","Added to:  Deposit: Restaurant Sales 12/26/2025 $4,178.01"
"12/26/2025","ADP Payroll","$24.95","","ADP Payroll Fees","Added to:  Expense: Payroll Expenses:Payroll Expenses Non-Wage:Payroll Fees 12/26/2025 $24.95"
"12/26/2025","Adp Wage Garn","$79.41","","ADP Wage Garnishment","Added to:  Expense: Payroll Expenses:Salaries and Wages 12/26/2025 $79.41"
"12/26/2025","Adp Tax","$4,967.56","","ADP Tax","Added to:  Expense: Payroll Expenses:Payroll Tax Expense 12/26/2025 $4,967.56"
"12/26/2025","Toast Des Dep","","$4,538.92","Toast, Inc","Added to:  Deposit: Restaurant Sales 12/26/2025 $4,538.92"
"12/26/2025","Sws America","$2,030.14","","Southern Glazer's Wine and Spirits","Added to:  Expense: Cost of Goods Sold 12/26/2025 $2,030.14"
"12/26/2025","Adp Wage Pay","$13,549.36","","ADP WAGE PAY","Added to:  Expense: Payroll Expenses:Salaries and Wages 12/26/2025 $13,549.36"
"12/26/2025","Grubhub Des Dec","","$5,967.83","Grubhub inc","Added to:  Deposit: Delivery Sales:Grubhub 12/26/2025 $5,967.83"
"12/26/2025","Doordash Des Murray","","$2,845.64","Doordash","Added to:  Deposit: Delivery Sales:Doordash 12/26/2025 $2,845.64"
"12/24/2025","Toast Des Dep","","$3,082.45","Toast, Inc","Added to:  Deposit: Restaurant Sales 12/24/2025 $3,082.45"
"12/24/2025","Relay","$190.09","","Relay Delivery","Added to:  Expense: Direct Operating Expense:Delivery Cost 12/24/2025 $190.09"
"12/24/2025","Classpass Des Edi","","$350.41","Classpass","Added to:  Deposit: Restaurant Sales 12/24/2025 $350.41"
"12/24/2025","Toast","$226.48","","Toast, Inc","Added to:  Expense: Software Expense 12/24/2025 $226.48"
"12/23/2025","Uber Usa Fbo","","$8,435.01","UBER USA FBO","Added to:  Deposit: Delivery Sales:Uber 12/23/2025 $8,435.01"
"12/23/2025","Mealpal Des","","$360.39","Mealpal","Added to:  Deposit: Restaurant Sales 12/23/2025 $360.39"
"12/23/2025","Toast Des Dep","","$2,112.73","Toast, Inc","Added to:  Deposit: Restaurant Sales 12/23/2025 $2,112.73"
"12/23/2025","Payoneer Des Edi","","$422.69","Payoneer","Added to:  Deposit: Restaurant Sales 12/23/2025 $422.69"
"12/23/2025","Check 2492","$4,442.00","","NYSLA","Added to:  Expense: Licenses & permits 12/23/2025 $4,442.00"
"12/22/2025","K I Beer","$628.05","","SKI Wholesale","Added to:  Expense: Cost of Goods Sold 12/22/2025 $628.05"
"12/22/2025","Toast Des Dep","","$7,340.27","Toast, Inc","Added to:  Deposit: Restaurant Sales 12/22/2025 $7,340.27"
"12/22/2025","Toast Des Dep","","$3,163.59","Toast, Inc","Added to:  Deposit: Restaurant Sales 12/22/2025 $3,163.59"
"12/22/2025","Check 52043","$130.31","","Aziz Toure","Added to:  Expense: Payroll Expenses:Salaries and Wages 12/22/2025 $130.31"
"12/22/2025","Nys Dtf Sales","$18,369.84","","NYS DTF Sales Tax","Added to:  Expense: Sales Tax 12/22/2025 $18,369.84"
"12/22/2025","Toast Des Dep","","$3,891.06","Toast, Inc","Added to:  Deposit: Restaurant Sales 12/22/2025 $3,891.06"
"12/22/2025","Check 52042","$120.31","","Aziz Toure","Added to:  Expense: Payroll Expenses:Salaries and Wages 12/22/2025 $120.31"
"12/22/2025","Maximum","$2,552.28","","Maximum Quality Foods","Added to:  Expense: Cost of Goods Sold 12/22/2025 $2,552.28"
"12/19/2025","Grubhub Des Dec","","$6,714.62","Grubhub inc","Added to:  Deposit: Delivery Sales:Grubhub 12/19/2025 $6,714.62"
"12/19/2025","Consolidated Edison","$4,958.06","","Con Edison","Added to:  Expense: Utilities:Gas & Electricity 12/19/2025 $4,958.06"
"12/19/2025","Toast Des Dep","","$4,791.29","Toast, Inc","Added to:  Deposit: Restaurant Sales 12/19/2025 $4,791.29"
"12/19/2025","ADP Payroll","$32.00","","ADP Payroll Fees","Added to:  Expense: Payroll Expenses:Payroll Expenses Non-Wage:Payroll Fees 12/19/2025 $32.00"
"12/19/2025","Doordash Des Murray","","$3,351.14","Doordash","Added to:  Deposit: Delivery Sales:Doordash 12/19/2025 $3,351.14"
"12/19/2025","Peace Of Mind","$517.16","","Peace of Mind Pest Control","Added to:  Expense: Repairs and Maintenance:Pest Control 12/19/2025 $517.16"
"12/18/2025","Adp Wage Garn","$71.49","","ADP Wage Garnishment","Added to:  Expense: Payroll Expenses:Salaries and Wages 12/18/2025 $71.49"
"12/18/2025","Adp Pay By","$205.99","","ADP PAY-BY-PAY","Added to:  Expense: Payroll Expenses:Payroll Expenses Non-Wage:Workers Comp 12/18/2025 $205.99"
"12/18/2025","Toast Des Dep","","$5,636.75","Toast, Inc","Added to:  Deposit: Restaurant Sales 12/18/2025 $5,636.75"
"12/18/2025","Adp Tax","$5,466.93","","ADP Tax","Added to:  Expense: Payroll Expenses:Payroll Tax Expense 12/18/2025 $5,466.93"
"12/18/2025","Check 2491","$677.41","","Bridger Companies, Inc. d/b/a Pillar Advisors","Added to:  Expense: Professional Fees:Accounting 12/18/2025 $677.41"
"12/18/2025","Adp Wage Pay","$14,220.29","","ADP WAGE PAY","Added to:  Expense: Payroll Expenses:Salaries and Wages 12/18/2025 $14,220.29"
"12/17/2025","Mealpal Des","","$335.17","Mealpal","Added to:  Deposit: Restaurant Sales 12/17/2025 $335.17"
"12/17/2025","K I Wholesale","$628.05","","SKI Wholesale","Added to:  Expense: Cost of Goods Sold 12/17/2025 $628.05"
"12/16/2025","Uber Usa Fbo","","$9,515.80","UBER USA FBO","Added to:  Deposit: Delivery Sales:Uber 12/16/2025 $9,515.80"
"12/16/2025","Fintech","$1.00","","Fintech.net","Added to:  Expense: Software Expense 12/16/2025 $1.00"
"12/16/2025","K I Wholesale","","$1.00","SKI Wholesale","Added to:  Deposit: Cost of Goods Sold 12/16/2025 $1.00"
"12/16/2025","K I Wholesale","$1.00","","SKI Wholesale","Added to:  Expense: Cost of Goods Sold 12/16/2025 $1.00"
"12/16/2025","Citizens Des Net","","$5,600.59","Citizens","Added to:  Deposit: Restaurant Sales 12/16/2025 $5,600.59"
"12/16/2025","Fintech.net Des Fintecheft","","$1.00","Fintech.net","Added to:  Deposit: Software Expense 12/16/2025 $1.00"
"12/16/2025","Sba Eidl Loan","$731.00","","SBA Loan","Added to:  Expense: SBA Loan 12/16/2025 $731.00"
"12/15/2025","Sharebite Des Rsach","","$66.70","Sharebite","Added to:  Deposit: Delivery Sales 12/15/2025 $66.70"
"12/15/2025","Citizens Des Net","","$3,105.13","Citizens","Added to:  Deposit: Restaurant Sales 12/15/2025 $3,105.13"
"12/15/2025","Citizens Des Net","","$80.04","Citizens","Added to:  Deposit: Restaurant Sales 12/15/2025 $80.04"
"12/15/2025","Check 2490","$3,934.75","","Ricky's Food Service Inc","Added to:  Expense: Cost of Goods Sold 12/15/2025 $3,934.75"
"12/15/2025","Citizens Des Net","","$8,253.95","Citizens","Added to:  Deposit: Restaurant Sales 12/15/2025 $8,253.95"
"12/15/2025","Citizens Des Net","","$1,726.23","Citizens","Added to:  Deposit: Restaurant Sales 12/15/2025 $1,726.23"
"12/12/2025","Check 2487","$1,323.50","","Val's Ocean Pacific","Added to:  Expense: Cost of Goods Sold 12/12/2025 $1,323.50"
"12/12/2025","ADP Payroll","$16.00","","ADP Payroll Fees","Added to:  Expense: Payroll Expenses:Payroll Expenses Non-Wage:Payroll Fees 12/12/2025 $16.00"
"12/12/2025","Check 2488","$7,496.20","","Sankaj LLC","Added to:  Expense: Cost of Goods Sold 12/12/2025 $7,496.20"
"12/12/2025","Check 52041","$763.40","","Diao Thierno","Added to:  Expense: Payroll Expenses:Salaries and Wages 12/12/2025 $763.40"
"12/12/2025","Check 2486","$29,518.85","","45 Murray Management Company","Added to:  Expense: Split expense 12/12/2025 $29,518.85"
"12/12/2025","Check 2489","$479.20","","Empire Halal Meat Inc.","Added to:  Expense: Cost of Goods Sold 12/12/2025 $479.20"
"12/12/2025","Adp Pay By","$198.03","","ADP PAY-BY-PAY","Added to:  Expense: Payroll Expenses:Payroll Expenses Non-Wage:Workers Comp 12/12/2025 $198.03"
"12/12/2025","Citizens Des Net","","$10,668.53","Citizens","Added to:  Deposit: Restaurant Sales 12/12/2025 $10,668.53"
"12/12/2025","Maximum","$2,606.15","","Maximum Quality Foods","Added to:  Expense: Cost of Goods Sold 12/12/2025 $2,606.15"
"12/12/2025","Mobile Transfer Chk","$3,600.00","","Malhotra Co","Added to:  Expense: Utilities:Phone 12/12/2025 $3,600.00"
"12/12/2025","Grubhub Des Dec","","$6,526.56","Grubhub inc","Added to:  Deposit: Delivery Sales:Grubhub 12/12/2025 $6,526.56"
"12/12/2025","Check 52039","$498.63","","Diao Thierno","Added to:  Expense: Payroll Expenses:Salaries and Wages 12/12/2025 $498.63"
"12/12/2025","Adp Tax","$5,112.89","","ADP Tax","Added to:  Expense: Payroll Expenses:Payroll Tax Expense 12/12/2025 $5,112.89"
"12/12/2025","Doordash Des Murray","","$3,357.94","Doordash","Added to:  Deposit: Delivery Sales:Doordash 12/12/2025 $3,357.94"
"12/11/2025","Adp Wage Pay","$12,617.12","","ADP WAGE PAY","Added to:  Expense: Payroll Expenses:Salaries and Wages 12/11/2025 $12,617.12"
"12/11/2025","Too Good Go","","$142.80","Too Good to Go","Added to:  Deposit: Restaurant Sales 12/11/2025 $142.80"
"12/11/2025","Adp Wage Garn","$84.70","","ADP Wage Garnishment","Added to:  Expense: Payroll Expenses:Salaries and Wages 12/11/2025 $84.70"
"12/11/2025","Check 52040","$240.35","","Aziz Toure","Added to:  Expense: Payroll Expenses:Salaries and Wages 12/11/2025 $240.35"
"12/11/2025","Citizens Des Net","","$6,336.39","Citizens","Added to:  Deposit: Restaurant Sales 12/11/2025 $6,336.39"
"12/10/2025","Citizens Des Net","","$5,780.47","Citizens","Added to:  Deposit: Restaurant Sales 12/10/2025 $5,780.47"
"12/10/2025","Relay","$181.20","","Relay Delivery","Added to:  Expense: Direct Operating Expense:Delivery Cost 12/10/2025 $181.20"
"12/10/2025","Mealpal Des","","$225.92","Mealpal","Added to:  Deposit: Restaurant Sales 12/10/2025 $225.92"
"12/10/2025","Classpass Des Edi","","$130.26","Classpass","Added to:  Deposit: Restaurant Sales 12/10/2025 $130.26"
"12/09/2025","Payoneer Des Edi","","$377.69","Payoneer","Added to:  Deposit: Restaurant Sales 12/09/2025 $377.69"
"12/09/2025","Citizens Des Net","","$2,695.41","Citizens","Added to:  Deposit: Restaurant Sales 12/09/2025 $2,695.41"
"12/09/2025","Check 2484","$1,926.00","","Harry Supply","Added to:  Expense: Cost of Goods Sold 12/09/2025 $1,926.00"
"12/09/2025","Uber Usa Fbo","","$11,079.26","UBER USA FBO","Added to:  Deposit: Delivery Sales:Uber 12/09/2025 $11,079.26"
"12/08/2025","Online Banking Confirmation","$7,822.76","","Card 3183 Payment","Added to:  Expense: CORP Account - Business Adv Customized Cash Rewards - 3183 12/08/2025 $7,822.76"
"12/08/2025","Online Scheduled Confirmation","$7,822.76","","","Added to:  Credit Card Payment: CORP Account - Business Adv Customized Cash Rewards - 3183 12/08/2025 $7,822.76"
"12/08/2025","Citizens Des Net","","$2,420.63","Citizens","Added to:  Deposit: Restaurant Sales 12/08/2025 $2,420.63"
"12/08/2025","Citizens Des Net","","$4,126.44","Citizens","Added to:  Deposit: Restaurant Sales 12/08/2025 $4,126.44"
"12/08/2025","Maximum","$2,715.39","","Maximum Quality Foods","Added to:  Expense: Cost of Goods Sold 12/08/2025 $2,715.39"
"12/08/2025","Check 2485","$800.00","","Cosmic Inc","Added to:  Expense: Software Expense 12/08/2025 $800.00"
"12/08/2025","Citizens Des Net","","$4,438.49","Citizens","Added to:  Deposit: Restaurant Sales 12/08/2025 $4,438.49"
"12/05/2025","Toast Des Ach","","$120.32","Toast, Inc","Added to:  Deposit: Restaurant Sales 12/05/2025 $120.32"
"12/05/2025","Citizens","$80.04","","Citizens","Added to:  Expense: Restaurant Sales 12/05/2025 $80.04"
"12/05/2025","Citizens Des Net","","$7,407.29","Citizens","Added to:  Deposit: Restaurant Sales 12/05/2025 $7,407.29"
"12/05/2025","Adp Pay By","$179.31","","ADP PAY-BY-PAY","Added to:  Expense: Payroll Expenses:Payroll Expenses Non-Wage:Workers Comp 12/05/2025 $179.31"
"12/05/2025","Grubhub Des Dec","","$896.54","Grubhub inc","Added to:  Deposit: Delivery Sales:Grubhub 12/05/2025 $896.54"
"12/05/2025","Doordash Des Murray","","$2,875.91","Doordash","Added to:  Deposit: Delivery Sales:Doordash 12/05/2025 $2,875.91"
"12/05/2025","Adp Tax","$4,218.43","","ADP Tax","Added to:  Expense: Payroll Expenses:Payroll Tax Expense 12/05/2025 $4,218.43"
"12/05/2025","Citizens Des Net","","$120.32","Citizens","Added to:  Deposit: Restaurant Sales 12/05/2025 $120.32"
"12/05/2025","Grubhub Des Nov","","$3,419.97","Grubhub inc","Added to:  Deposit: Delivery Sales:Grubhub 12/05/2025 $3,419.97"
"12/04/2025","Adp Wage Garn","$76.99","","ADP Wage Garnishment","Added to:  Expense: Payroll Expenses:Salaries and Wages 12/04/2025 $76.99"
"12/04/2025","Check 52038","$112.54","","Aziz Toure","Added to:  Expense: Payroll Expenses:Salaries and Wages 12/04/2025 $112.54"
"12/04/2025","Citizens Des Net","","$4,788.44","Citizens","Added to:  Deposit: Restaurant Sales 12/04/2025 $4,788.44"
"12/04/2025","Adp Wage Pay","$11,014.62","","ADP WAGE PAY","Added to:  Expense: Payroll Expenses:Salaries and Wages 12/04/2025 $11,014.62"
"12/03/2025","Relay","$134.50","","Relay Delivery","Added to:  Expense: Direct Operating Expense:Delivery Cost 12/03/2025 $134.50"
"12/03/2025","Mealpal Des","","$271.95","Mealpal","Added to:  Deposit: Restaurant Sales 12/03/2025 $271.95"
"12/03/2025","Check 52037","$589.02","","Diao Thierno","Added to:  Expense: Payroll Expenses:Salaries and Wages 12/03/2025 $589.02"
"12/03/2025","Citizens Des Net","","$2,471.42","Citizens","Added to:  Deposit: Restaurant Sales 12/03/2025 $2,471.42"
"12/02/2025","Payoneer Des Edi","","$95.21","Payoneer","Added to:  Deposit: Restaurant Sales 12/02/2025 $95.21"
"12/02/2025","Uber Usa Fbo","","$5,350.50","UBER USA FBO","Added to:  Deposit: Delivery Sales:Uber 12/02/2025 $5,350.50"
"12/02/2025","Citizens Des Net","","$3,124.12","Citizens","Added to:  Deposit: Restaurant Sales 12/02/2025 $3,124.12"
"12/01/2025","Adp Pay By","$199.32","","ADP PAY-BY-PAY","Added to:  Expense: Payroll Expenses:Payroll Expenses Non-Wage:Workers Comp 12/01/2025 $199.32"
"12/01/2025","Citizens Des Net","","$3,617.86","Citizens","Added to:  Deposit: Restaurant Sales 12/01/2025 $3,617.86"
"12/01/2025","Zelle Oscar Bucaro","$125.00","","Oscar Bucaro","Added to:  Expense: Payroll Expenses:Payroll Expenses Non-Wage:General Contractor 12/01/2025 $125.00"
"12/01/2025","Bank America Des","","$113.76","Bank of America","Added to:  Deposit: Credit Card Rewards 12/01/2025 $113.76"
"12/01/2025","Maximum","$2,929.05","","Maximum Quality Foods","Added to:  Expense: Cost of Goods Sold 12/01/2025 $2,929.05"
"12/01/2025","Citizens Des Net","","$1,986.14","Citizens","Added to:  Deposit: Restaurant Sales 12/01/2025 $1,986.14"
"12/01/2025","Excess","$1.35","","Excess Transaction Fee","Added to:  Expense: Bank Charges 12/01/2025 $1.35"
"12/01/2025","Action Environme","$1,076.02","","Action Carting Environmental","Added to:  Expense: Utilities:Trash 12/01/2025 $1,076.02"
"12/01/2025","Citizens Des Net","","$2,116.70","Citizens","Added to:  Deposit: Restaurant Sales 12/01/2025 $2,116.70"
"12/01/2025","Stripe Des Transfer","","$29.09","Stripe","Added to:  Deposit: Restaurant Sales 12/01/2025 $29.09"
"11/28/2025","Grubhub Des Nov","","$4,509.59","Grubhub inc","Added to:  Deposit: Delivery Sales:Grubhub 11/28/2025 $4,509.59"
"11/28/2025","Adp Wage Pay","$12,683.89","","ADP WAGE PAY","Added to:  Expense: Payroll Expenses:Salaries and Wages 11/28/2025 $12,683.89"
"11/28/2025","Citizens Des Net","","$2,159.86","Citizens","Added to:  Deposit: Restaurant Sales 11/28/2025 $2,159.86"
"11/28/2025","Adp Wage Garn","$103.38","","ADP WAGE PAY","Added to:  Expense: Payroll Expenses:Salaries and Wages 11/28/2025 $103.38"
"11/28/2025","Doordash Des Murray","","$3,939.47","Doordash","Added to:  Deposit: Delivery Sales:Doordash 11/28/2025 $3,939.47"
"11/28/2025","Citizens Des Net","","$2,602.07","Citizens","Added to:  Deposit: Restaurant Sales 11/28/2025 $2,602.07"
"11/28/2025","Check 2482","$3,811.96","","Val's Ocean Pacific","Added to:  Expense: Cost of Goods Sold 11/28/2025 $3,811.96"
"11/28/2025","Adp Tax","$5,009.36","","ADP Tax","Added to:  Expense: Payroll Expenses:Payroll Tax Expense 11/28/2025 $5,009.36"
"11/28/2025","ADP Payroll","$16.00","","ADP Payroll Fees","Added to:  Expense: Payroll Expenses:Payroll Expenses Non-Wage:Payroll Fees 11/28/2025 $16.00"
"11/26/2025","Peace Of Mind","$517.16","","Peace of Mind Pest Control","Added to:  Expense: Repairs and Maintenance:Pest Control 11/26/2025 $517.16"
"11/26/2025","Citizens Des Net","","$5,642.47","Citizens","Added to:  Deposit: Restaurant Sales 11/26/2025 $5,642.47"
"11/26/2025","Relay","$216.32","","Relay Delivery","Added to:  Expense: Direct Operating Expense:Delivery Cost 11/26/2025 $216.32"
"11/26/2025","Zelle Oscar Bucaro","$250.00","","Oscar Bucaro","Added to:  Expense: Payroll Expenses:Payroll Expenses Non-Wage:General Contractor 11/26/2025 $250.00"
"11/26/2025","Toast Des Ach","","$49.49","Toast, Inc","Added to:  Deposit: Restaurant Sales 11/26/2025 $49.49"
"11/26/2025","Check 52036","$304.64","","Aziz Toure","Added to:  Expense: Payroll Expenses:Salaries and Wages 11/26/2025 $304.64"
"11/25/2025","Citizens Des Net","","$1,751.21","Citizens","Added to:  Deposit: Restaurant Sales 11/25/2025 $1,751.21"
"11/25/2025","Uber Usa Fbo","","$9,621.95","UBER USA FBO","Added to:  Deposit: Delivery Sales:Uber 11/25/2025 $9,621.95"
"11/25/2025","Mealpal Des","","$191.10","Mealpal","Added to:  Deposit: Restaurant Sales 11/25/2025 $191.10"
"11/24/2025","Maximum","$3,465.32","","Maximum Quality Foods","Added to:  Expense: Cost of Goods Sold 11/24/2025 $3,465.32"
"11/24/2025","Check 52035","$599.11","","Diao Thierno","Added to:  Expense: Payroll Expenses:Salaries and Wages 11/24/2025 $599.11"
"11/24/2025","Citizens Des Net","","$2,794.76","Citizens","Added to:  Deposit: Restaurant Sales 11/24/2025 $2,794.76"
"11/24/2025","Toast","$226.48","","Toast, Inc","Added to:  Expense: Software Expense 11/24/2025 $226.48"
"11/24/2025","Citizens Des Net","","$2,627.96","Citizens","Added to:  Deposit: Restaurant Sales 11/24/2025 $2,627.96"
"11/24/2025","Citizens Des Net","","$3,029.90","Citizens","Added to:  Deposit: Restaurant Sales 11/24/2025 $3,029.90"
"11/21/2025","Doordash Des Murray","","$3,025.18","Doordash","Added to:  Deposit: Delivery Sales:Doordash 11/21/2025 $3,025.18"
"11/21/2025","Classpass Des Edi","","$176.74","Classpass","Added to:  Deposit: Restaurant Sales 11/21/2025 $176.74"
"11/21/2025","Adp Pay By","$200.31","","ADP PAY-BY-PAY","Added to:  Expense: Payroll Expenses:Payroll Expenses Non-Wage:Workers Comp 11/21/2025 $200.31"
"11/21/2025","Nys Dtf Sales","$20,903.25","","NYS DTF Sales Tax","Added to:  Expense: Sales Tax 11/21/2025 $20,903.25"
"11/21/2025","Adp Tax","$4,974.34","","ADP Tax","Added to:  Expense: Payroll Expenses:Payroll Tax Expense 11/21/2025 $4,974.34"